86	レアガチャセット: 86:NG【5.4.0】『プラチナガチャ』ver5.3.0まで
87	レアガチャセット: 87:NG【5.4.0】『プラチナガチャ』ver5.4.0まで
128	レアガチャセット:128:NG【5.6.0】『プラチナガチャ』ver5.6.0まで
135	レアガチャセット:135:NG【5.7.0】『プラチナガチャ』ver5.7.0まで
138	レアガチャセット:138:NG【5.8.0】『プラチナガチャ』ver5.8.0まで
169	レアガチャセット:169:NG【5.9.0】『プラチナガチャ』ver5.9.0まで
174	レアガチャセット:174:  【5.10.0】『プラチナガチャ』ver5.10.0まで
184	レアガチャセット:184:  【6.1.0】『プラチナガチャ』ver6.1.0まで
195	レアガチャセット:195:  【6.2.0】『プラチナガチャ』ver6.2.0まで
203	レアガチャセット:203:  【6.3.0】『プラチナガチャ』ver6.3.0まで
213	レアガチャセット:213:  【6.5.0】『プラチナガチャ』ver6.5.0まで
256	レアガチャセット:213:  【6.5.0】『プラチナガチャ』ver6.6.0まで
